"city","mean_ndvi","err"
"Aalborg",4679.28268930704,""
"Aarhus",4766.37277773919,""
"Aba",4547.31611645548,""
"Abadan",1198.09834363754,""
"Abaetetuba",4336.33624203361,""
