"city","mean_swater","err"
"Aalborg",2.67223382045929,""
"Aarhus",2.91659751037344,""
"Aba",1.39285714285714,""
"Abadan",1.91559633027523,""
"Abaetetuba",2.05555555555556,""
