"","city","mean_ndvi","mean_surface_water","mean_uhi_DayNight","mean_uhi_daytime","mean_uhi_Nighttime"
"1","Aalborg",4679.28268930704,2.67223382045929,1.1613716351086,0.759177536917371,0.402194098191224
"2","Aarhus",4766.37277773919,2.91659751037344,1.04758025226423,0.787001220289498,0.260579031974736
"3","Aba",4547.31611645548,1.39285714285714,5.69617391688641,4.40941429594719,1.28675962093923
"4","Abadan",1198.09834363754,1.91559633027523,-1.02221886488907,-1.19354560243681,0.171326737547746
"5","Abaetetuba",4336.33624203361,2.05555555555556,NA,NA,NA
